title,image_url,sadness,neutral,contempt,disgust,anger,surprise,fear,happiness
Spiritualized - And Nothing Hurt ALBUM REVIEW,https://i.ytimg.com/vi/GN5tigKpQ9M/hqdefault.jpg,0,0.001,0,0,0.003,0.541,0.033,0.421
6LACK - East Atlanta Love Letter ALBUM REVIEW,https://i.ytimg.com/vi/gHCD_yZlqBA/hqdefault.jpg,0,0.018,0.004,0,0,0.005,0,0.974
Russ - Zoo ALBUM REVIEW,https://i.ytimg.com/vi/18NbdIPrMLo/hqdefault.jpg,0,0,0.005,0.001,0.01,0.925,0.004,0.055
Yves Tumor - Safe in the Hands of Love ALBUM REVIEW,https://i.ytimg.com/vi/i4BoYm405Zk/hqdefault.jpg,0.001,0.93,0.001,0,0,0.002,0,0.066
Thou - Magus ALBUM REVIEW,https://i.ytimg.com/vi/idIoNJQGrAg/hqdefault.jpg,0,0.997,0,0,0,0.001,0,0.001
Okonkolo - Cantos ALBUM REVIEW,https://i.ytimg.com/vi/UoAAk3tRb-g/hqdefault.jpg,0,0.973,0,0,0,0.001,0,0.026
IDLES - Joy as an Act of Resistance. ALBUM REVIEW,https://i.ytimg.com/vi/4i2PpkVGQNQ/hqdefault.jpg,0,0,0,0.022,0.977,0,0,0
George Clanton - Slide ALBUM REVIEW,https://i.ytimg.com/vi/-2Neevd-Low/hqdefault.jpg,0,0.003,0,0.001,0.137,0.028,0.002,0.83
Eminem - Kamikaze ALBUM REVIEW,https://i.ytimg.com/vi/J34qpusEXK4/hqdefault.jpg,0,0.888,0.002,0,0,0,0,0.11
Interpol - Marauder ALBUM REVIEW,https://i.ytimg.com/vi/gJltJ5WeGvA/hqdefault.jpg,0,0.5,0,0,0.001,0.498,0,0
Blood Orange - Negro Swan ALBUM REVIEW,https://i.ytimg.com/vi/KMc_N5ziha0/hqdefault.jpg,0,0,0,0,0,0,0,1
Oh Sees - Smote Reverser ALBUM REVIEW,https://i.ytimg.com/vi/N0VWqq5BPlc/hqdefault.jpg,0,0,0.002,0.005,0.001,0.723,0.266,0.002
Hermit and the Recluse - Orpheus vs. the Sirens ALBUM REVIEW,https://i.ytimg.com/vi/5wzAij917v4/hqdefault.jpg,0.002,0.85,0,0,0,0.14,0,0.007
Louis Cole - Time ALBUM REVIEW,https://i.ytimg.com/vi/BEDSulIgCQc/hqdefault.jpg,0,0.006,0,0,0,0.993,0.001,0
Ariana Grande - Sweetener ALBUM REVIEW,https://i.ytimg.com/vi/OxeoGczp0Qg/hqdefault.jpg,0.001,0.996,0.001,0,0,0.002,0,0
Trippie Redd - Life's a Trip ALBUM REVIEW,https://i.ytimg.com/vi/WgSPTczwVbQ/hqdefault.jpg,0,0.977,0,0,0,0.023,0,0
Imperial Triumphant - Vile Luxury ALBUM REVIEW,https://i.ytimg.com/vi/IX5QmxD9kVE/hqdefault.jpg,0,0,0,0,0,0.138,0.002,0.86
Mac Miller - Swimming ALBUM REVIEW,https://i.ytimg.com/vi/UgwPxFUUg94/hqdefault.jpg,0,0.049,0.002,0,0,0,0,0.948
Travis Scott - Astroworld ALBUM REVIEW,https://i.ytimg.com/vi/t4RjOz8dKro/hqdefault.jpg,0,0,0,0,0,0.99,0.01,0
Denzel Curry - TA13OO ALBUM REVIEW,https://i.ytimg.com/vi/nDZqxWjRLCU/hqdefault.jpg,0,0.009,0,0.001,0.038,0.814,0.135,0.002
The Internet - Hive Mind ALBUM REVIEW,https://i.ytimg.com/vi/O3GBsa1-dKs/hqdefault.jpg,0,0.022,0,0.001,0.173,0.797,0.003,0.004
Busdriver - Electricity is on our Side ALBUM REVIEW,https://i.ytimg.com/vi/exmYWItj-YY/hqdefault.jpg,0.157,0.807,0.007,0.001,0,0.02,0.009,0
Haru Nemuri - Haru to Shura ALBUM REVIEW,https://i.ytimg.com/vi/O5VtHXdfZPM/hqdefault.jpg,0.001,0.821,0.019,0.002,0.088,0.064,0.002,0.002
Zeal & Ardor - Stranger Fruit ALBUM REVIEW,https://i.ytimg.com/vi/provbgYpk5o/hqdefault.jpg,0,0.254,0.584,0.006,0.005,0.032,0.001,0.118
Gorillaz - The Now Now ALBUM REVIEW,https://i.ytimg.com/vi/DPHYLnhPRqw/hqdefault.jpg,0,0.911,0.075,0,0,0.001,0,0.013
Jay Rock - Redemption ALBUM REVIEW,https://i.ytimg.com/vi/67l6E8PVoFI/hqdefault.jpg,0,0.14,0.155,0,0,0,0,0.705
Drake - Scorpion ALBUM REVIEW,https://i.ytimg.com/vi/ljtIQkFRL1g/hqdefault.jpg,0.002,0.962,0,0,0,0.035,0,0
Nine Inch Nails - Bad Witch ALBUM REVIEW,https://i.ytimg.com/vi/5mifHOOfcE8/hqdefault.jpg,0,0.975,0.006,0,0,0.018,0,0
Death Grips - Year of the Snitch ALBUM REVIEW,https://i.ytimg.com/vi/ynCFF7DWHmI/hqdefault.jpg,0,0.061,0,0,0,0.939,0,0
SOPHIE - Oil of Every Pearl's Un-Insides ALBUM REVIEW,https://i.ytimg.com/vi/XyB3yOo81cU/hqdefault.jpg,0,0,0,0,0,0.002,0,0.998
Nas - Nasir ALBUM REVIEW,https://i.ytimg.com/vi/_LEQYT-ffsM/hqdefault.jpg,0,0.544,0.002,0,0,0,0,0.454
KIDS SEE GHOSTS - Self-Titled ALBUM REVIEW,https://i.ytimg.com/vi/9rkFbKVownA/hqdefault.jpg,0,0,0,0,0.007,0,0,0.992
Father John Misty - God's Favorite Customer ALBUM REVIEW,https://i.ytimg.com/vi/34oyVszwnJk/hqdefault.jpg,0.001,0.748,0.009,0.001,0.004,0.02,0,0.217
Oneohtrix Point Never - Age Of ALBUM REVIEW,https://i.ytimg.com/vi/CV1Ybh8v21k/hqdefault.jpg,0.001,0.473,0,0,0.004,0.465,0.002,0.056
Kanye West - ye ALBUM REVIEW,https://i.ytimg.com/vi/ixElcxn6PlQ/hqdefault.jpg,0,0.795,0,0,0,0.003,0,0.202
A$AP Rocky - Testing ALBUM REVIEW,https://i.ytimg.com/vi/1C33F3MAGuU/hqdefault.jpg,0.004,0.059,0.002,0.001,0,0,0,0.934
Pusha T - DAYTONA ALBUM REVIEW,https://i.ytimg.com/vi/z605Rm7lFTM/hqdefault.jpg,0.045,0.662,0.244,0.004,0.001,0.005,0.001,0.037
Parquet Courts - Wide Awake! ALBUM REVIEW,https://i.ytimg.com/vi/4ZZREmYnygU/hqdefault.jpg,0.001,0,0,0.001,0.115,0,0.001,0.883
Courtney Barnett - Tell Me How You Really Feel ALBUM REVIEW,https://i.ytimg.com/vi/GkeHYp7MASY/hqdefault.jpg,0,0.991,0.002,0,0,0.003,0,0.004
Arctic Monkeys - Tranquility Base Hotel + Casino ALBUM REVIEW,https://i.ytimg.com/vi/uNAm2pFDgBA/hqdefault.jpg,0.028,0.702,0.088,0.008,0.06,0.063,0.038,0.012
Beach House - 7 ALBUM REVIEW,https://i.ytimg.com/vi/nWcEHLFmKdE/hqdefault.jpg,0.007,0.004,0,0.018,0.001,0.18,0.789,0
Post Malone - beerbongs & bentleys ALBUM REVIEW,https://i.ytimg.com/vi/a1olq-lfc-I/hqdefault.jpg,0.005,0.008,0.017,0.047,0.017,0.676,0.226,0.003
Felix Blume - Death In Haiti: Funeral Brass Bands & Sounds From Port Au Prince ALBUM REVIEW,https://i.ytimg.com/vi/43tFabU6610/hqdefault.jpg,0,0.003,0,0,0.006,0.127,0.003,0.861
A Perfect Circle - Eat the Elephant ALBUM REVIEW,https://i.ytimg.com/vi/ZruuCzKf70k/hqdefault.jpg,0.052,0.777,0.085,0.007,0.001,0,0,0.078
"Hop Along - Bark Your Head Off, Dog ALBUM REVIEW",https://i.ytimg.com/vi/_C0gp-HN7NY/hqdefault.jpg,0.001,0.975,0.003,0,0.02,0.001,0,0
J. Cole - KOD ALBUM REVIEW,https://i.ytimg.com/vi/D5vrzzxGxwc/hqdefault.jpg,0.001,0.756,0.011,0.002,0.164,0.064,0.002,0.001
John Prine - The Tree of Forgiveness ALBUM REVIEW,https://i.ytimg.com/vi/BN8x5zo3iNs/hqdefault.jpg,0.001,0.973,0.001,0,0.001,0.024,0,0
Sons of Kemet - Your Queen Is a Reptile ALBUM REVIEW,https://i.ytimg.com/vi/x7lQBFEURZY/hqdefault.jpg,0,0.93,0.012,0.001,0.055,0.001,0,0
Kali Uchis - Isolation ALBUM REVIEW,https://i.ytimg.com/vi/x9e_8zRuuO8/hqdefault.jpg,0,0,0,0,0,0,0,1
Flatbush Zombies - Vacation in Hell ALBUM REVIEW,https://i.ytimg.com/vi/pf0hDdf2QJc/hqdefault.jpg,0,0.979,0.002,0,0,0,0,0.018
Cardi B - Invasion of Privacy ALBUM REVIEW,https://i.ytimg.com/vi/mxMQEy8sQJI/hqdefault.jpg,0,0.495,0,0,0,0.001,0,0.503
Jean Grae x Quelle Chris - Everything's Fine ALBUM REVIEW,https://i.ytimg.com/vi/om3JC1JSdnI/hqdefault.jpg,0,0,0,0,0,0.539,0.042,0.418
CZARFACE & MF DOOM - Czarface Meets Metal Face ALBUM REVIEW,https://i.ytimg.com/vi/LIMy-Bp353E/hqdefault.jpg,0,0,0,0,0,0,0,1
The Voidz - Virtue ALBUM REVIEW,https://i.ytimg.com/vi/3CrD91zHkLg/hqdefault.jpg,0.251,0.726,0.02,0,0,0,0,0.002
Superorganism - Self-Titled ALBUM REVIEW,https://i.ytimg.com/vi/05AewlnZfE4/hqdefault.jpg,0,0.089,0,0,0,0,0,0.911
Mount Eerie - Now Only ALBUM REVIEW,https://i.ytimg.com/vi/AhVPv5q9Ik8/hqdefault.jpg,0,0.971,0,0,0,0.016,0,0.012
XXXTENTACION - ? ALBUM REVIEW,https://i.ytimg.com/vi/gWUdEgaTdo8/hqdefault.jpg,0,0.004,0.852,0.004,0,0.14,0.001,0
Natalia Lafourcade - Musas Vol. 2 ALBUM REVIEW,https://i.ytimg.com/vi/7TABeq5TLGY/hqdefault.jpg,0,0,0,0,0,0,0,1
David Byrne - American Utopia ALBUM REVIEW,https://i.ytimg.com/vi/Kh2_xvw3LUA/hqdefault.jpg,0.001,0.967,0.002,0.001,0.017,0,0,0.011
Andrew W.K. - You're Not Alone ALBUM REVIEW,https://i.ytimg.com/vi/tLWPSqE0DC4/hqdefault.jpg,0,0.898,0.001,0,0.007,0.093,0,0
Screaming Females - All at Once ALBUM REVIEW,https://i.ytimg.com/vi/aVDeTMPuyDM/hqdefault.jpg,0,0,0.001,0.046,0.543,0.177,0.072,0.16
U.S. Girls - In a Poem Unlimited ALBUM REVIEW,https://i.ytimg.com/vi/6qC-ZLOK-8Y/hqdefault.jpg,0,0.993,0.001,0,0.001,0.001,0,0.003
Car Seat Headrest - Twin Fantasy (Face to Face) ALBUM REVIEW,https://i.ytimg.com/vi/EcFJbKJxjDA/hqdefault.jpg,0,0.001,0,0,0,0,0,0.998
Various Artists - Black Panther The Album ALBUM REVIEW,https://i.ytimg.com/vi/TcMeRrIJe1M/hqdefault.jpg,0.003,0.92,0.004,0,0.001,0.055,0.008,0.009
MGMT - Little Dark Age ALBUM REVIEW,https://i.ytimg.com/vi/eQ3Wd60Qddw/hqdefault.jpg,0,0,0,0,0,0.014,0,0.986
Rich Brian - Amen ALBUM REVIEW,https://i.ytimg.com/vi/gPdD04_9A9A/hqdefault.jpg,0,0.433,0,0,0.003,0.562,0,0.002
Justin Timberlake - Man of the Woods ALBUM REVIEW,https://i.ytimg.com/vi/tKHC0X2EwAs/hqdefault.jpg,0,0.373,0.173,0.003,0.008,0.332,0.002,0.11
Portal - Ion ALBUM REVIEW,https://i.ytimg.com/vi/W3SopqFy2eg/hqdefault.jpg,0,0.929,0.001,0,0,0.056,0,0.014
Migos - Culture II ALBUM REVIEW,https://i.ytimg.com/vi/cTYg1mAd8tA/hqdefault.jpg,0.001,0.722,0.001,0,0,0.256,0,0.02
JPEGMAFIA - Veteran ALBUM REVIEW,https://i.ytimg.com/vi/S9gg0JOTF2E/hqdefault.jpg,0,0,0,0,0,0,0,1
Aphex Twin - Selected Ambient Works 85-92 ALBUM REVIEW,https://i.ytimg.com/vi/RUAXoNP9WiU/hqdefault.jpg,0,0.956,0.001,0,0,0.042,0,0.001
Michael Jackson - Thriller ALBUM REVIEW,https://i.ytimg.com/vi/oKl3pPQ-IRc/hqdefault.jpg,0,0.026,0.004,0,0,0.005,0,0.965
Daft Punk - Discovery ALBUM REVIEW,https://i.ytimg.com/vi/6aq9epwmMKo/hqdefault.jpg,0.004,0.054,0.092,0.009,0.014,0.796,0.031,0
Eminem - Revival ALBUM REVIEW,https://i.ytimg.com/vi/14Py6kcxKKQ/hqdefault.jpg,0.014,0.036,0,0.001,0.011,0.857,0.008,0.073
Brockhampton - Saturation III ALBUM REVIEW,https://i.ytimg.com/vi/sL0YnMbzmow/hqdefault.jpg,0.01,0.257,0.004,0.032,0.026,0.606,0.064,0.001
Hopsin - No Shame ALBUM REVIEW,https://i.ytimg.com/vi/OKYedko0w8Y/hqdefault.jpg,0.031,0.126,0.021,0.025,0.012,0.516,0.26,0.01
Jaden Smith - SYRE ALBUM REVIEW,https://i.ytimg.com/vi/YABApZSuUIA/hqdefault.jpg,0.001,0.678,0.002,0,0,0.313,0.001,0.003
Taylor Swift - Reputation ALBUM REVIEW,https://i.ytimg.com/vi/qDAxDcjgn-8/hqdefault.jpg,0,0.004,0,0.005,0.17,0.737,0.082,0.002
Converge - The Dusk In Us ALBUM REVIEW,https://i.ytimg.com/vi/WLDhNDAOw8k/hqdefault.jpg,0,0.994,0,0,0.003,0.002,0,0
"21 Savage, Offset & Metro Boomin - Without Warning ALBUM REVIEW",https://i.ytimg.com/vi/sxISrm03SHk/hqdefault.jpg,0,0.009,0.001,0.002,0.038,0.872,0.003,0.076
Fever Ray - Plunge ALBUM REVIEW,https://i.ytimg.com/vi/h9r1kIjo2aA/hqdefault.jpg,0,0.944,0,0,0,0.055,0,0
Beck - Colors ALBUM REVIEW,https://i.ytimg.com/vi/pI4uPs5dLRs/hqdefault.jpg,0,0.002,0,0.004,0.566,0.416,0.008,0.004
King Krule - The OOZ ALBUM REVIEW,https://i.ytimg.com/vi/ft2cMWKc_u8/hqdefault.jpg,0,0.995,0,0,0,0.004,0,0.001
Uncommon Nasa - Written At Night ALBUM REVIEW,https://i.ytimg.com/vi/eir7AorIVXg/hqdefault.jpg,0,0.706,0,0,0,0,0,0.293
Daniel Caesar - Freudian ALBUM REVIEW,https://i.ytimg.com/vi/n8_qk3FrFjM/hqdefault.jpg,0.001,0.02,0.272,0.192,0.507,0.001,0,0.007
Ariel Pink - Dedicated to Bobby Jameson ALBUM REVIEW,https://i.ytimg.com/vi/Hlx4ONMtRFY/hqdefault.jpg,0,0.031,0.228,0.001,0,0,0,0.74
The National - Sleep Well Beast ALBUM REVIEW,https://i.ytimg.com/vi/odQcHCsW2YA/hqdefault.jpg,0,0.55,0,0,0.001,0.439,0,0.01
Alvvays - Antisocialites ALBUM REVIEW,https://i.ytimg.com/vi/W9ysTOF7S8Q/hqdefault.jpg,0,0,0,0,0,0.392,0.002,0.605
LCD Soundsystem - American Dream ALBUM REVIEW,https://i.ytimg.com/vi/0evHtpLFM9k/hqdefault.jpg,0,0.597,0,0,0.001,0.36,0,0.041
Lil Uzi Vert - Luv Is Rage 2 ALBUM REVIEW,https://i.ytimg.com/vi/ci62GfOm-t8/hqdefault.jpg,0,0,0,0,0,0,0,1
Dying Fetus - Wrong One to Fuck With ALBUM REVIEW,https://i.ytimg.com/vi/N65_VUOVT6o/hqdefault.jpg,0,0.001,0.001,0.434,0.564,0,0,0
Arcade Fire - Everything Now ALBUM REVIEW,https://i.ytimg.com/vi/CSLAZM54ZcQ/hqdefault.jpg,0.199,0.226,0.007,0.008,0,0,0,0.559
"Tyler, the Creator - Flower Boy ALBUM REVIEW",https://i.ytimg.com/vi/mlLqB2lxii4/hqdefault.jpg,0.001,0.366,0,0,0,0.626,0.007,0
Pissed Jeans - Why Love Now ALBUM REVIEW,https://i.ytimg.com/vi/mlDLwLq3q-s/hqdefault.jpg,0,0.715,0.001,0,0,0.001,0,0.284
Algiers - The Underside of Power ALBUM REVIEW,https://i.ytimg.com/vi/2xKdxJYSns4/hqdefault.jpg,0,0.978,0,0,0,0.01,0,0.012
Fleet Foxes - Crack-Up ALBUM REVIEW,https://i.ytimg.com/vi/-J85naYNmck/hqdefault.jpg,0,0.779,0.001,0,0.21,0.009,0,0
Kirin J Callinan - Bravado ALBUM REVIEW,https://i.ytimg.com/vi/sFZgERqFK4g/hqdefault.jpg,0,0.337,0.001,0.005,0.644,0.01,0,0.003
alt-J - Relaxer ALBUM REVIEW,https://i.ytimg.com/vi/ka1Ko6n9FW0/hqdefault.jpg,0,0.875,0.003,0,0.115,0.007,0,0
Lil Yachty - Teenage Emotions ALBUM REVIEW,https://i.ytimg.com/vi/Gjx2OBFrUAE/hqdefault.jpg,0.002,0.359,0,0,0,0.359,0.001,0.278
Paramore - After Laughter ALBUM REVIEW,https://i.ytimg.com/vi/eGYRq0ywrq8/hqdefault.jpg,0.055,0.895,0.002,0.001,0.001,0.032,0.008,0.006
Harry Styles - Self-Titled ALBUM REVIEW,https://i.ytimg.com/vi/A8ObXvF_vhg/hqdefault.jpg,0.003,0.72,0.003,0.001,0.003,0.228,0.015,0.028
Perfume Genius - No Shape ALBUM REVIEW,https://i.ytimg.com/vi/6GDPN4Hs_44/hqdefault.jpg,0,0.446,0,0,0,0.554,0,0
Mac DeMarco - This Old Dog ALBUM REVIEW,https://i.ytimg.com/vi/ICvyW5xGZgs/hqdefault.jpg,0.002,0.002,0.001,0,0,0.526,0.149,0.32
Wale - Shine ALBUM REVIEW,https://i.ytimg.com/vi/Z3Yirj5sooU/hqdefault.jpg,0,0.961,0.002,0,0,0,0,0.036
Gorillaz - Humanz ALBUM REVIEW,https://i.ytimg.com/vi/Uooqk3B0kC4/hqdefault.jpg,0.008,0.965,0.001,0,0,0.003,0,0.023
The Smith Street Band - More Scared of You Than You Are of Me ALBUM REVIEW,https://i.ytimg.com/vi/a1PdNaCJ_M8/hqdefault.jpg,0.017,0.856,0.034,0.002,0.089,0.001,0,0.001
Kendrick Lamar - DAMN. ALBUM REVIEW,https://i.ytimg.com/vi/RIGINiBYxis/hqdefault.jpg,0.041,0.039,0.001,0.008,0.089,0.095,0.71,0.016
Arca - Self-Titled ALBUM REVIEW,https://i.ytimg.com/vi/IZxa8FaUYOw/hqdefault.jpg,0.001,0.889,0.001,0,0,0.002,0,0.106
Mastodon - Emperor of Sand ALBUM REVIEW,https://i.ytimg.com/vi/bbS0PRslyJs/hqdefault.jpg,0,0.328,0.01,0,0,0.001,0,0.661
Ibibio Sound Machine - Uyai ALBUM REVIEW,https://i.ytimg.com/vi/JxVBmNpYtYM/hqdefault.jpg,0,0,0,0,0.003,0.14,0.002,0.855
Sampha - Process ALBUM REVIEW,https://i.ytimg.com/vi/ORRDA5YFhcc/hqdefault.jpg,0.001,0.24,0.002,0,0,0.75,0.006,0
Bedwetter - Flick Your Tongue Against Your Teeth and Describe the Present ALBUM REVIEW,https://i.ytimg.com/vi/BDnYIjhaSzc/hqdefault.jpg,0,0.068,0,0,0,0.932,0,0
Ty Segall - Self-Titled ALBUM REVIEW,https://i.ytimg.com/vi/oDEEOvaaBNE/hqdefault.jpg,0,0.452,0,0,0,0.543,0.004,0
Emperor - In the Nightside Eclipse ALBUM REVIEW,https://i.ytimg.com/vi/7K38cdHSdMY/hqdefault.jpg,0,0.221,0,0,0,0.779,0,0
Tom Waits - Rain Dogs ALBUM REVIEW,https://i.ytimg.com/vi/Wn3qNbJgRJU/hqdefault.jpg,0.002,0.98,0.006,0,0.001,0.006,0,0.005
Outkast - ATLiens ALBUM REVIEW,https://i.ytimg.com/vi/jFSJnr1rktI/hqdefault.jpg,0.001,0.722,0,0,0,0.248,0,0.027
"Kid Cudi - Passion, Pain & Demon Slayin' ALBUM REVIEW",https://i.ytimg.com/vi/IAHgAEpNF5I/hqdefault.jpg,0,1,0,0,0,0,0,0
J. Cole - 4 Your Eyez Only ALBUM REVIEW,https://i.ytimg.com/vi/c_A7jwZypEQ/hqdefault.jpg,0,0.034,0.005,0.001,0,0.712,0.005,0.243
"Childish Gambino - Awaken, My Love! ALBUM REVIEW",https://i.ytimg.com/vi/BwC-hYrfKV4/hqdefault.jpg,0.561,0.408,0.003,0.002,0,0.019,0.006,0.001
Justice - Woman ALBUM REVIEW,https://i.ytimg.com/vi/U_PyyvgFLLI/hqdefault.jpg,0,0.754,0,0,0.016,0.227,0,0.002
Kero Kero Bonito - Bonito Generation ALBUM REVIEW,https://i.ytimg.com/vi/vfMP52k1Dv4/hqdefault.jpg,0,0.524,0.003,0.001,0.002,0.457,0.001,0.012
Korn - The Serenity of Suffering ALBUM REVIEW,https://i.ytimg.com/vi/sKTSgxz-aKg/hqdefault.jpg,0,0.141,0,0,0,0.858,0,0
Conor Oberst - Ruminations ALBUM REVIEW,https://i.ytimg.com/vi/kAOw5dpeaus/hqdefault.jpg,0,0,0.956,0.014,0.001,0.028,0.001,0
The Dillinger Escape Plan - Dissociation ALBUM REVIEW,https://i.ytimg.com/vi/E6WtycT5NQ8/hqdefault.jpg,0.001,0.977,0.017,0,0,0,0,0.005
Crying - Beyond the Fleeting Gales ALBUM REVIEW,https://i.ytimg.com/vi/-hnhEGWxbOY/hqdefault.jpg,0.001,0.009,0,0,0,0.721,0,0.27
Jeff Rosenstock - Worry ALBUM REVIEW,https://i.ytimg.com/vi/wqBQhv6OUMg/hqdefault.jpg,0,0.835,0.001,0,0,0.046,0,0.118
American Football - Self-Titled (LP2) ALBUM REVIEW,https://i.ytimg.com/vi/uw4Ikdcjpgg/hqdefault.jpg,0,0.982,0,0,0,0.018,0,0
Regina Spektor - Remember Us To Life ALBUM REVIEW,https://i.ytimg.com/vi/vdmzHJ8QsJs/hqdefault.jpg,0,0.953,0.003,0.001,0.029,0.013,0,0.001
"Bon Iver - 22, A Million ALBUM REVIEW",https://i.ytimg.com/vi/BjLa2rN4AzA/hqdefault.jpg,0,0.988,0,0,0,0.012,0,0
Mick Jenkins - The Healing Component ALBUM REVIEW,https://i.ytimg.com/vi/cmfv7f-0Mbk/hqdefault.jpg,0,0.948,0.042,0,0.005,0.001,0,0.004
Nick Cave & the Bad Seeds - Skeleton Tree ALBUM REVIEW,https://i.ytimg.com/vi/Vz2YokGxlT4/hqdefault.jpg,0,0.999,0,0,0,0.001,0,0
clipping. - Splendor & Misery ALBUM REVIEW,https://i.ytimg.com/vi/J_LvLhFq2IU/hqdefault.jpg,0,0,0,0,0,0.014,0,0.986
Glass Animals - How To Be A Human Being ALBUM REVIEW,https://i.ytimg.com/vi/fWxQJiyLK1k/hqdefault.jpg,0.003,0.488,0.014,0.141,0.287,0.065,0.001,0.001
Angel Olsen - My Woman ALBUM REVIEW,https://i.ytimg.com/vi/iAfxeKWphdg/hqdefault.jpg,0,0.969,0.003,0,0.005,0,0,0.022
Frank Ocean - Blonde ALBUM REVIEW (Endless / Boys Don't Cry),https://i.ytimg.com/vi/iKvC10hmVnU/hqdefault.jpg,0.002,0.002,0,0,0,0,0,0.996
PartyNextDoor - P3 ALBUM REVIEW,https://i.ytimg.com/vi/xmGcoPn08jg/hqdefault.jpg,0,0.999,0,0,0,0.001,0,0
BADBADNOTGOOD - IV ALBUM REVIEW,https://i.ytimg.com/vi/uw9gtldMQfs/hqdefault.jpg,0,0.636,0.001,0,0.009,0.349,0.004,0
Red Hot Chili Peppers - The Getaway ALBUM REVIEW,https://i.ytimg.com/vi/osgQqOgJGtw/hqdefault.jpg,0,0.005,0.224,0,0,0,0,0.77
Moonsorrow - Jumalten Aika ALBUM REVIEW,https://i.ytimg.com/vi/iEO6FWFByFY/hqdefault.jpg,0,0.993,0,0,0,0.007,0,0
Car Seat Headrest - Teens of Denial ALBUM REVIEW,https://i.ytimg.com/vi/73Kl42LqEqM/hqdefault.jpg,0,0,0,0,0,0.021,0,0.979
Radiohead - A Moon Shaped Pool ALBUM REVIEW,https://i.ytimg.com/vi/S35v1xtzdbk/hqdefault.jpg,0,0.001,0,0,0,0.999,0,0
Xiu Xiu - Plays the Music of Twin Peaks ALBUM REVIEW,https://i.ytimg.com/vi/SdfSu2LKucs/hqdefault.jpg,0,0.001,0.001,0,0,0.997,0,0.001
Sturgill Simpson - A Sailor's Guide To Earth ALBUM REVIEW,https://i.ytimg.com/vi/h_vuv0Oq6jQ/hqdefault.jpg,0.02,0.024,0.002,0.006,0.096,0.419,0.341,0.091
Parquet Courts - Human Performance ALBUM REVIEW,https://i.ytimg.com/vi/vruPJVIfa2s/hqdefault.jpg,0,0.033,0,0,0,0.907,0,0.058
Tim Hecker - Love Streams ALBUM REVIEW,https://i.ytimg.com/vi/fn6CgvrVAmw/hqdefault.jpg,0.001,0.625,0.018,0.003,0.343,0.006,0.001,0.003
Weezer - Weezer (The White Album) ALBUM REVIEW,https://i.ytimg.com/vi/TJNRymZmcfY/hqdefault.jpg,0,0.589,0.001,0,0.004,0.403,0.001,0.002
Flatbush Zombies - 3001: A Laced Odyssey ALBUM REVIEW,https://i.ytimg.com/vi/pZzjXiRUDHw/hqdefault.jpg,0.258,0.73,0.009,0,0.001,0,0,0.002
"The 1975 - I Like It When You Sleep, for You Are So Beautiful Yet So Unaware of It ALBUM REVIEW",https://i.ytimg.com/vi/zyVECdLF2pc/hqdefault.jpg,0,0.995,0,0,0,0.001,0,0.004
Kanye West - The Life of Pablo ALBUM REVIEW,https://i.ytimg.com/vi/hm7jy9HNl3w/hqdefault.jpg,0,0.399,0.014,0,0,0.002,0,0.585
Daughter - Not To Disappear ALBUM REVIEW,https://i.ytimg.com/vi/YFQvT0-mefs/hqdefault.jpg,0.003,0.062,0.001,0,0,0.001,0,0.932
Hinds - Leave Me Alone ALBUM REVIEW,https://i.ytimg.com/vi/3EhF9CZmPHs/hqdefault.jpg,0.001,0.298,0.001,0,0,0.691,0.001,0.008
Benjamin Clementine - At Least For Now ALBUM REVIEW,https://i.ytimg.com/vi/cS0bI-chYN8/hqdefault.jpg,0,0.959,0.001,0,0,0,0,0.04
Cage the Elephant - Tell Me I'm Pretty ALBUM REVIEW,https://i.ytimg.com/vi/-mQ5Rj2pyKM/hqdefault.jpg,0,0.021,0,0,0,0,0,0.978
Radiohead - Kid A ALBUM REVIEW,https://i.ytimg.com/vi/QaMpiKZh1fc/hqdefault.jpg,0.013,0,0,0.002,0.048,0,0.004,0.932
Bob Dylan - Highway 61 Revisited ALBUM REVIEW,https://i.ytimg.com/vi/apXInrB6Bh8/hqdefault.jpg,0,0.298,0,0,0,0.698,0.001,0.003
Willow Smith - Ardipithecus ALBUM REVIEW,https://i.ytimg.com/vi/Numr-bT7e6w/hqdefault.jpg,0.022,0.04,0,0.005,0.015,0.696,0.22,0.001
Kid Cudi - Speedin' Bullet To Heaven ALBUM REVIEW,https://i.ytimg.com/vi/CJDcbwpsjU0/hqdefault.jpg,0,0.111,0.001,0,0,0,0,0.888
Logic - The Incredible True Story ALBUM REVIEW,https://i.ytimg.com/vi/WyLYH0s9rHM/hqdefault.jpg,0.001,0.001,0,0.002,0.001,0.693,0.302,0
The Garden - Haha ALBUM REVIEW,https://i.ytimg.com/vi/Y65MsRxYYAs/hqdefault.jpg,0,0.017,0.279,0,0,0,0,0.703
Grimes - Art Angels ALBUM REVIEW,https://i.ytimg.com/vi/bRDENHaT2lI/hqdefault.jpg,0,0.106,0,0,0.009,0.884,0,0
M.E.D. Blu and Madlib - Bad Neighbor ALBUM REVIEW,https://i.ytimg.com/vi/ZcpAk1pu7MM/hqdefault.jpg,0,0.307,0.001,0,0,0.663,0,0.029
The World Is A Beautiful Place & I Am No Longer Afraid To Die - Harmlessness ALBUM REVIEW,https://i.ytimg.com/vi/3e_yNhZMXMU/hqdefault.jpg,0,0.997,0,0,0,0.002,0,0
CHVRCHES - Every Open Eye ALBUM REVIEW,https://i.ytimg.com/vi/y8JUeP3ODic/hqdefault.jpg,0,0.984,0.001,0,0.002,0.002,0,0.01
Julia Holter - Have You In My Wilderness ALBUM REVIEW,https://i.ytimg.com/vi/PTNTqWto9yA/hqdefault.jpg,0,0,0,0,0,0,0,1
Iron Maiden - The Book of Souls ALBUM REVIEW,https://i.ytimg.com/vi/bS3S9siJqdc/hqdefault.jpg,0,0.002,0.685,0,0,0.001,0,0.311
Miley Cyrus - Miley Cyrus and Her Dead Petz ALBUM REVIEW,https://i.ytimg.com/vi/4J4GjCE_KPw/hqdefault.jpg,0,0,0,0,0,0.599,0.003,0.397
Foals - What Went Down ALBUM REVIEW,https://i.ytimg.com/vi/GI6S--qXc2M/hqdefault.jpg,0,0.999,0,0,0,0.001,0,0
Quelle Chris - Innocent Country ALBUM REVIEW,https://i.ytimg.com/vi/3rSfhouI9oQ/hqdefault.jpg,0,0,0,0,0,0.483,0.001,0.516
"RP Boo - Fingers, Bank Pads & Shoeprints ALBUM REVIEW",https://i.ytimg.com/vi/3mw44LC6w08/hqdefault.jpg,0,0.546,0,0,0,0.454,0,0
Everything Everything - Get to Heaven ALBUM REVIEW,https://i.ytimg.com/vi/HF9GqC65Wjo/hqdefault.jpg,0.001,0.979,0,0,0,0.019,0,0
Tame Impala - Currents ALBUM REVIEW,https://i.ytimg.com/vi/_ASR7i5RPKM/hqdefault.jpg,0.077,0.922,0,0,0,0.001,0,0
Lil Ugly Mane - Third Side of Tape ALBUM REVIEW,https://i.ytimg.com/vi/N4N5E0yp2EA/hqdefault.jpg,0.001,0.887,0.001,0.002,0.015,0.085,0,0.008
Muse - Drones ALBUM REVIEW,https://i.ytimg.com/vi/QGS7Med4jsA/hqdefault.jpg,0,0.998,0.002,0,0,0,0,0
Jamie xx - In Colour ALBUM REVIEW,https://i.ytimg.com/vi/2fa2GpSFAJ4/hqdefault.jpg,0,0.967,0,0,0,0.031,0,0.001
Shamir - Ratchet ALBUM REVIEW,https://i.ytimg.com/vi/mnZbtlbBPT8/hqdefault.jpg,0,0.997,0,0,0,0.002,0,0
Kamasi Washington - The Epic ALBUM REVIEW,https://i.ytimg.com/vi/cRekLSSWhtg/hqdefault.jpg,0,0.959,0,0,0,0.041,0,0
Blur - The Magic Whip ALBUM REVIEW,https://i.ytimg.com/vi/tTt7YDzH054/hqdefault.jpg,0,0.372,0.002,0.004,0.024,0.003,0,0.595
Tribulation - The Children of the Night ALBUM REVIEW,https://i.ytimg.com/vi/KdbAYLHLUZ8/hqdefault.jpg,0,0.977,0,0,0,0.022,0,0.001
Drenge - Undertow ALBUM REVIEW,https://i.ytimg.com/vi/YxqQ9e8MYgE/hqdefault.jpg,0.001,0.994,0.003,0,0,0,0,0.001
"Tyler, The Creator - Cherry Bomb ALBUM REVIEW",https://i.ytimg.com/vi/e2rexvDHPZs/hqdefault.jpg,0,0,0,0.001,0.006,0.563,0.254,0.175
"Courtney Barnett - Sometimes I Sit and Think, and Sometimes I Just Sit ALBUM REVIEW",https://i.ytimg.com/vi/I6wrqIndfJM/hqdefault.jpg,0,0.999,0.001,0,0,0,0,0
"Earl Sweatshirt - I Don't Like Shit, I Don't Go Outside ALBUM REVIEW",https://i.ytimg.com/vi/WG7xw2UiKwc/hqdefault.jpg,0,0.253,0.019,0.001,0,0.001,0,0.725
Kendrick Lamar - To Pimp A Butterfly ALBUM REVIEW,https://i.ytimg.com/vi/qTmHuavOXNg/hqdefault.jpg,0,0.041,0.001,0,0,0.889,0,0.068
Modest Mouse - Strangers To Ourselves ALBUM REVIEW,https://i.ytimg.com/vi/2JVBUPfxD44/hqdefault.jpg,0,0.857,0.018,0.001,0.007,0,0,0.116
of Montreal - Aureate Gloom ALBUM REVIEW,https://i.ytimg.com/vi/DiFm53BrlOE/hqdefault.jpg,0,0.346,0.001,0,0,0.16,0,0.493
Lightning Bolt - Fantasy Empire ALBUM REVIEW,https://i.ytimg.com/vi/medwB35qz_A/hqdefault.jpg,0,0,0,0,0,0,0,0.999
Leviathan - Scar Sighted ALBUM REVIEW ft. Myke C-Town,https://i.ytimg.com/vi/JKM79q5lKVM/hqdefault.jpg,0,0.038,0.65,0.003,0,0.287,0.001,0.019
Jeff Rosenstock - We Cool? ALBUM REVIEW ft. Cal Chuchesta,https://i.ytimg.com/vi/J6FSd14ATB4/hqdefault.jpg,0,0.411,0.028,0.001,0.003,0.001,0,0.556
Adventures - Supersonic Home ALBUM REVIEW,https://i.ytimg.com/vi/hehR6VpW-lk/hqdefault.jpg,0,0.661,0.002,0,0,0.337,0,0
"Pond - Man, It Feels Like Space Again ALBUM REVIEW",https://i.ytimg.com/vi/K0OKHJ3K8qs/hqdefault.jpg,0,0.001,0,0,0,0.98,0.018,0
"Father John Misty - I Love You, Honeybear ALBUM REVIEW",https://i.ytimg.com/vi/_TCbKdhYsXM/hqdefault.jpg,0.002,0.993,0,0,0.004,0,0,0
Title Fight - Hyperview ALBUM REVIEW,https://i.ytimg.com/vi/ibMp5-ItAFo/hqdefault.jpg,0,0.999,0,0,0,0,0,0
Marilyn Manson - The Pale Emperor ALBUM REVIEW,https://i.ytimg.com/vi/ONikj9CXwrQ/hqdefault.jpg,0,0,0,0,0,0.483,0,0.516
Joy Division - Unknown Pleasures ALBUM REVIEW,https://i.ytimg.com/vi/8M_Z-HV9dgA/hqdefault.jpg,0.001,0.001,0.001,0.01,0.005,0.658,0.323,0
D'Angelo and The Vanguard - Black Messiah ALBUM REVIEW,https://i.ytimg.com/vi/GmzkeqZ3AW8/hqdefault.jpg,0,0,0,0,0,0,0,1
Dean Blunt - Black Metal ALBUM REVIEW,https://i.ytimg.com/vi/ue5sLcwJpyU/hqdefault.jpg,0,0.597,0,0,0,0.403,0,0
Slipknot - .5: The Gray Chapter ALBUM REVIEW,https://i.ytimg.com/vi/ktiEB7Svutg/hqdefault.jpg,0,0,0,0,0.006,0,0,0.993
Run the Jewels - Run the Jewels 2 ALBUM REVIEW,https://i.ytimg.com/vi/oiNIJAQWUbY/hqdefault.jpg,0,0.05,0,0,0.003,0.945,0,0.001
Foxygen - ...And Star Power ALBUM REVIEW,https://i.ytimg.com/vi/ndeO80edrZA/hqdefault.jpg,0,0.996,0.001,0,0,0.002,0,0
Shellac - Dude Incredible ALBUM REVIEW,https://i.ytimg.com/vi/Y7seq3mi-hY/hqdefault.jpg,0,0,0.002,0.002,0.011,0.785,0.164,0.037
Interpol - El Pintor ALBUM REVIEW,https://i.ytimg.com/vi/M6eB1cUUQds/hqdefault.jpg,0,0,0,0,0,0,0,1
Julian Casablancas + The Voidz - Tyranny ALBUM REVIEW,https://i.ytimg.com/vi/T_Xo9WU4vVM/hqdefault.jpg,0.001,0.98,0.006,0.001,0.012,0,0,0
Aphex Twin - Syro ALBUM REVIEW,https://i.ytimg.com/vi/r7-5Ct4eQho/hqdefault.jpg,0,0,0,0,0.001,0.938,0.06,0
Opeth - Pale Communion ALBUM REVIEW,https://i.ytimg.com/vi/BaIc7rttYEc/hqdefault.jpg,0,0.889,0.002,0,0,0,0,0.109
Rustie - Green Language ALBUM REVIEW,https://i.ytimg.com/vi/-9H3gaVgbUs/hqdefault.jpg,0.005,0.857,0.125,0.001,0,0.01,0,0.002
Uncommon Nasa - New York Telephone ALBUM REVIEW,https://i.ytimg.com/vi/S47nKJ8n0tk/hqdefault.jpg,0.034,0.001,0,0.002,0.005,0,0.001,0.958
Michael Cera - True That ALBUM REVIEW,https://i.ytimg.com/vi/-obIKHZvohA/hqdefault.jpg,0.001,0.882,0.002,0,0,0.001,0,0.114
Joyce Manor - Never Hungover Again ALBUM REVIEW,https://i.ytimg.com/vi/kjSTPQQg194/hqdefault.jpg,0.011,0.067,0.001,0.038,0.856,0.006,0.001,0.02
Deadmau5 - While (1 Is Less Than 2) ALBUM REVIEW,https://i.ytimg.com/vi/qy-tfRCoGGc/hqdefault.jpg,0,0,0.502,0.009,0,0.451,0.013,0.026
Sharon Van Etten - Are We There ALBUM REVIEW,https://i.ytimg.com/vi/VFBMewMCCxQ/hqdefault.jpg,0,0.021,0.001,0,0.001,0.073,0.001,0.903
Chromeo - White Women ALBUM REVIEW,https://i.ytimg.com/vi/WX1qWv05ILU/hqdefault.jpg,0.003,0.001,0,0.002,0.007,0.492,0.493,0.002
Damon Albarn - Everyday Robots ALBUM REVIEW,https://i.ytimg.com/vi/4-Ds7dKjIRE/hqdefault.jpg,0,0.293,0,0,0,0.707,0,0
Chet Faker - Built On Glass ALBUM REVIEW,https://i.ytimg.com/vi/71iEgW0ABhY/hqdefault.jpg,0.02,0.535,0.212,0.226,0.005,0,0,0.001
"The Hotelier - Home, Like NoPlace Is There ALBUM REVIEW",https://i.ytimg.com/vi/B42U6Puyx7U/hqdefault.jpg,0,0.507,0,0,0.006,0.484,0.002,0
Future Islands - Singles ALBUM REVIEW,https://i.ytimg.com/vi/Zr4YJIqx31c/hqdefault.jpg,0.003,0.165,0.008,0.001,0,0.001,0,0.821
Real Estate - Atlas ALBUM REVIEW,https://i.ytimg.com/vi/HdRbrgxxBuU/hqdefault.jpg,0.001,0.948,0.043,0.001,0.001,0.001,0,0.005
Beck - Morning Phase ALBUM REVIEW,https://i.ytimg.com/vi/BrAgo1Qh4uk/hqdefault.jpg,0.181,0.745,0.071,0.001,0.001,0,0,0.001
St. Vincent - Self-Titled ALBUM REVIEW,https://i.ytimg.com/vi/qP2hHvB4d_Y/hqdefault.jpg,0,0.001,0.947,0.018,0,0.009,0.001,0.024
Sun Kil Moon - Benji ALBUM REVIEW,https://i.ytimg.com/vi/ZTIJvNmsQgo/hqdefault.jpg,0.003,0.985,0.012,0,0,0,0,0
Behemoth - The Satanist ALBUM REVIEW,https://i.ytimg.com/vi/5pfUULxVoSU/hqdefault.jpg,0.041,0.938,0.001,0.001,0.013,0.003,0.002,0
Against Me! - Transgender Dysphoria Blues ALBUM REVIEW,https://i.ytimg.com/vi/0ZA29cQNoQc/hqdefault.jpg,0,0,0,0,0,0.94,0.06,0
Fugazi - Repeater ALBUM REVIEW,https://i.ytimg.com/vi/EuokTnCkrKg/hqdefault.jpg,0.004,0.827,0.003,0.002,0.003,0.145,0.011,0.006
Future Of The Left - How To Stop Your Brain In An Accident ALBUM REVIEW,https://i.ytimg.com/vi/qXvyxrarDxw/hqdefault.jpg,0,0,0,0,0,0.106,0,0.894
M.I.A. - Matangi ALBUM REVIEW,https://i.ytimg.com/vi/-v5hKxV70-0/hqdefault.jpg,0,0.407,0,0,0,0.592,0.001,0
Cage The Elephant - Melophobia ALBUM REVIEW,https://i.ytimg.com/vi/Od7fLNhEecM/hqdefault.jpg,0,0.475,0.004,0.063,0.451,0.006,0,0
AFI - Burials ALBUM REVIEW,https://i.ytimg.com/vi/JNyoitGE2cc/hqdefault.jpg,0.001,0.002,0.001,0.007,0.023,0.368,0.572,0.026
Chelsea Wolfe - Pain Is Beauty ALBUM REVIEW,https://i.ytimg.com/vi/oefX916-gYw/hqdefault.jpg,0,0.001,0.043,0.031,0.007,0.688,0.229,0
Jonathan Rado - Law & Order ALBUM REVIEW,https://i.ytimg.com/vi/93EA4JIEgWI/hqdefault.jpg,0,0.849,0.015,0.002,0.005,0.106,0.001,0.022
Jay-Z - Magna Carta... Holy Grail ALBUM REVIEW,https://i.ytimg.com/vi/wBgqAKxujkE/hqdefault.jpg,0,0.266,0,0,0,0.733,0,0
Queens of the Stone Age - ...Like Clockwork ALBUM REVIEW,https://i.ytimg.com/vi/5uvj_3nd5kY/hqdefault.jpg,0,0,0.005,0.007,0.025,0.176,0.036,0.751
Deafheaven - Sunbather ALBUM REVIEW,https://i.ytimg.com/vi/rzolEHmXNBE/hqdefault.jpg,0.019,0.81,0.004,0,0.001,0.158,0.007,0
Daft Punk - Random Access Memories ALBUM REVIEW,https://i.ytimg.com/vi/tTUBoFVi-HY/hqdefault.jpg,0,0.033,0,0,0,0.967,0,0
Vampire Weekend - Modern Vampires of the City ALBUM REVIEW,https://i.ytimg.com/vi/U2oWxvgeboY/hqdefault.jpg,0,0.242,0,0,0,0.758,0,0
The Flaming Lips - The Terror ALBUM REVIEW,https://i.ytimg.com/vi/dYLX9FtIzN8/hqdefault.jpg,0.001,0.091,0.02,0,0,0.001,0,0.887
The Mary Onettes - Hit The Waves ALBUM REVIEW,https://i.ytimg.com/vi/nzqQJIk4TYo/hqdefault.jpg,0,0.035,0.043,0,0,0,0,0.922
Bonobo - The North Borders ALBUM REVIEW,https://i.ytimg.com/vi/e_c7Fh4dL0c/hqdefault.jpg,0.017,0.086,0.601,0.002,0,0,0,0.295
The Strokes - Comedown Machine ALBUM REVIEW,https://i.ytimg.com/vi/plxG23-nifs/hqdefault.jpg,0.317,0.112,0.001,0,0,0.031,0.538,0
Rhye - Woman ALBUM REVIEW,https://i.ytimg.com/vi/mHicFE6i0nE/hqdefault.jpg,0.009,0.493,0.006,0.005,0.467,0.002,0.001,0.017
Autechre - Exai ALBUM REVIEW,https://i.ytimg.com/vi/04flJC_4pv8/hqdefault.jpg,0,0,0,0,0,0.986,0.013,0.001
Foals - Holy Fire ALBUM REVIEW,https://i.ytimg.com/vi/IV0FxPl098Y/hqdefault.jpg,0.002,0.011,0,0,0.001,0.053,0.001,0.931
My Bloody Valentine - MBV ALBUM REVIEW,https://i.ytimg.com/vi/EEY6WYtxZFQ/hqdefault.jpg,0,0,0,0,0,0,0,1
Unknown Mortal Orchestra - II ALBUM REVIEW,https://i.ytimg.com/vi/1WnqvDivfDg/hqdefault.jpg,0.002,0.627,0.008,0.006,0.038,0.306,0.013,0
My Bloody Valentine- Loveless ALBUM REVIEW,https://i.ytimg.com/vi/iG_0Exs9jTQ/hqdefault.jpg,0.069,0.878,0.03,0.002,0.001,0.001,0,0.02
King Crimson- In the Court of the Crimson King ALBUM REVIEW,https://i.ytimg.com/vi/CEpKouCO6L8/hqdefault.jpg,0.001,0.954,0.043,0,0,0,0,0
Dead Kennedys- Plastic Surgery Disasters ALBUM REVIEW,https://i.ytimg.com/vi/-7_UEorW3Vg/hqdefault.jpg,0.001,0.034,0.183,0.008,0.001,0.589,0.007,0.178
Scott Walker- Bish Bosch ALBUM REVIEW,https://i.ytimg.com/vi/yGrlhEmZZVc/hqdefault.jpg,0,0.028,0.044,0.013,0.149,0.755,0.009,0.002
Macintosh Plus- Floral Shoppe ALBUM REVIEW,https://i.ytimg.com/vi/f0D9IyyeEEU/hqdefault.jpg,0.027,0.949,0.002,0.001,0.004,0.012,0.005,0
Captain Murphy- Duality ALBUM REVIEW,https://i.ytimg.com/vi/aVCMiepR6wA/hqdefault.jpg,0.086,0.623,0.002,0,0,0.009,0.023,0.256
Crystal Castles- (III) ALBUM REVIEW,https://i.ytimg.com/vi/XtGC_QIIHnc/hqdefault.jpg,0,0.997,0.002,0,0,0,0,0.001
Pig Destroyer- Book Burner ALBUM REVIEW,https://i.ytimg.com/vi/Z7wMOFelXjY/hqdefault.jpg,0,0.749,0.002,0,0,0.246,0,0.002
"Kendrick Lamar- good kid, m.A.A.d. city ALBUM REVIEW",https://i.ytimg.com/vi/VUUxtEQLAiQ/hqdefault.jpg,0.001,0.99,0.003,0.001,0.001,0.002,0,0.002
Macklemore and Ryan Lewis- The Heist ALBUM REVIEW,https://i.ytimg.com/vi/r3K4-d_XQaw/hqdefault.jpg,0.01,0.97,0.001,0,0,0.018,0.001,0
Tame Impala- Lonerism ALBUM REVIEW,https://i.ytimg.com/vi/f7crV1BXXVg/hqdefault.jpg,0,0.543,0,0,0,0.457,0,0
Alt-J- An Awesome Wave ALBUM REVIEW,https://i.ytimg.com/vi/_TZBdHjgMxI/hqdefault.jpg,0.001,0.172,0.019,0.004,0.002,0.597,0.001,0.204
Muse- The 2nd Law ALBUM REVIEW,https://i.ytimg.com/vi/zZsgsn_fUao/hqdefault.jpg,0,0.062,0,0,0,0.931,0.007,0
David Byrne & St. Vincent- Love This Giant ALBUM REVIEW,https://i.ytimg.com/vi/eR0cWuLWhzo/hqdefault.jpg,0,0.651,0.001,0,0,0.342,0.005,0
Dinosaur Jr.- I Bet On Sky ALBUM REVIEW,https://i.ytimg.com/vi/0Kb4w7dGSN0/hqdefault.jpg,0,0,0.001,0,0,0,0,0.999
Grizzly Bear- Shields ALBUM REVIEW,https://i.ytimg.com/vi/HcE__4Fv5Hk/hqdefault.jpg,0,0.681,0.001,0.001,0.316,0,0,0
Wild Nothing- Nocturne ALBUM REVIEW,https://i.ytimg.com/vi/fSB9Wy0-Ps4/hqdefault.jpg,0.001,0.995,0,0,0,0.003,0,0
Passion Pit- Gossamer ALBUM REVIEW,https://i.ytimg.com/vi/zFg1j6oSiBo/hqdefault.jpg,0,0.087,0,0,0,0.913,0,0
Aesop Rock- Skelethon ALBUM REVIEW,https://i.ytimg.com/vi/jO5gV6w8epQ/hqdefault.jpg,0,0.998,0,0,0,0.001,0,0
Dirty Projectors- Swing Lo Magellan ALBUM REVIEW,https://i.ytimg.com/vi/_7eIJDRGBb0/hqdefault.jpg,0,0.963,0.001,0,0.001,0.035,0,0
Rush- Clockwork Angels ALBUM REVIEW,https://i.ytimg.com/vi/CHhdSJLmdu8/hqdefault.jpg,0.002,0.995,0.002,0,0,0,0,0.001
The Smashing Pumpkins- Oceania ALBUM REVIEW,https://i.ytimg.com/vi/GX0CdRiz9xY/hqdefault.jpg,0.001,0.999,0,0,0,0,0,0
Recondite- On Acid ALBUM REVIEW,https://i.ytimg.com/vi/-NI4-QvHv9M/hqdefault.jpg,0.001,0.949,0,0,0,0.05,0,0
El-P- Cancer For Cure ALBUM REVIEW,https://i.ytimg.com/vi/uQEaJknSSXI/hqdefault.jpg,0,0.552,0,0,0,0.447,0,0
Best Coast- The Only Place ALBUM REVIEW,https://i.ytimg.com/vi/bQ04LrK4epI/hqdefault.jpg,0.003,0.741,0.194,0.001,0.001,0.001,0,0.058
mewithoutYou- Ten Stories ALBUM REVIEW,https://i.ytimg.com/vi/XZ3LM0xjcPA/hqdefault.jpg,0.001,0.998,0,0,0,0.001,0,0
Death Grips- The Money Store ALBUM REVIEW,https://i.ytimg.com/vi/mK54P7VeM1g/hqdefault.jpg,0.001,0.321,0,0,0,0.673,0.004,0
Meshuggah- Koloss ALBUM REVIEW,https://i.ytimg.com/vi/RE9pUpdFmeE/hqdefault.jpg,0,0.937,0.001,0,0.001,0.029,0,0.032
Pallbearer- Sorrow and Extinction ALBUM REVIEW,https://i.ytimg.com/vi/5n5X5kQmnBw/hqdefault.jpg,0,0.083,0,0,0,0.916,0,0
Sleigh Bells- Reign of Terror ALBUM REVIEW,https://i.ytimg.com/vi/X-VSXW3qthQ/hqdefault.jpg,0,0.692,0.002,0,0.301,0.004,0,0
Guided by Voices- Let's Go Eat the Factory ALBUM REVIEW,https://i.ytimg.com/vi/U78NIj16Ou0/hqdefault.jpg,0,0.561,0.003,0,0.436,0,0,0
Neutral Milk Hotel - In the Aeroplane Over the Sea ALBUM REVIEW,https://i.ytimg.com/vi/IB4kTLN15y0/hqdefault.jpg,0,0.011,0.001,0,0.001,0.006,0,0.982
Frank Zappa- Hot Rats ALBUM REVIEW,https://i.ytimg.com/vi/MCu9UD2aVlw/hqdefault.jpg,0.001,0.077,0.563,0.027,0.015,0.212,0.008,0.097
Pianos Become the Teeth- The Lack Long After ALBUM REVIEW,https://i.ytimg.com/vi/Z9qBtOaCRzc/hqdefault.jpg,0.001,0.781,0.001,0,0,0.002,0,0.214
Wild Flag- Self-Titled ALBUM REVIEW,https://i.ytimg.com/vi/2c5KCsYiYoY/hqdefault.jpg,0,0.989,0,0,0,0.004,0,0.006
Andrew Jackson Jihad- Knife Man ALBUM REVIEW,https://i.ytimg.com/vi/pOI3xkXoId0/hqdefault.jpg,0,0.937,0.001,0,0,0.047,0,0.015
Giles Corey- Giles Corey ALBUM REVIEW,https://i.ytimg.com/vi/d8kP_uGxNfc/hqdefault.jpg,0,0.736,0,0,0,0.263,0,0.001
Danny Brown- XXX ALBUM REVIEW,https://i.ytimg.com/vi/DPeE28Fb_L8/hqdefault.jpg,0,0.995,0.001,0.001,0.001,0.001,0,0.002
They Might Be Giants- Join Us ALBUM REVIEW,https://i.ytimg.com/vi/TyGMJtRPF78/hqdefault.jpg,0.001,0.998,0,0,0,0,0,0.001
Portugal. The Man- In the Mountain In the Cloud ALBUM REVIEW,https://i.ytimg.com/vi/Uknh7QaW87Y/hqdefault.jpg,0,0.979,0.019,0,0,0,0,0.001
Bon Iver- Bon Iver ALBUM REVIEW,https://i.ytimg.com/vi/j_LB2pqybaM/hqdefault.jpg,0.001,0.862,0.001,0,0,0.02,0,0.116
Arctic Monkeys- Suck It and See ALBUM REVIEW,https://i.ytimg.com/vi/y39aOgNMgik/hqdefault.jpg,0,0.713,0,0,0,0.286,0,0
Boris- Heavy Rocks / Attention Please ALBUM REVIEWS,https://i.ytimg.com/vi/EpoCK7SOutg/hqdefault.jpg,0,0.94,0,0,0,0.06,0,0
Amon Tobin- ISAM ALBUM REVIEW,https://i.ytimg.com/vi/O-6hnRcicVc/hqdefault.jpg,0,0.966,0,0,0,0.028,0,0.006
Fleet Foxes- Helplessness Blues ALBUM REVIEW,https://i.ytimg.com/vi/ztqWF4z9kAw/hqdefault.jpg,0.001,0.992,0.001,0,0.001,0.005,0,0
"Explosions In the Sky- Take Care, Take Care, Take Care ALBUM REVIEW",https://i.ytimg.com/vi/qwRR5uCTvas/hqdefault.jpg,0,0.995,0.002,0,0,0.002,0,0
The Strokes- Angles ALBUM REVIEW,https://i.ytimg.com/vi/d5o1V3lxGH0/hqdefault.jpg,0.034,0.965,0.001,0,0,0,0,0
